25210.0, {'GS_cluster_357187_359543': 0.0}, {'GS_cluster_357187_359543': 0}, {'GS_cluster_357187_359543': 0}, 
25220.0, {'GS_cluster_357187_359543': 0.0}, {'GS_cluster_357187_359543': 0}, {'GS_cluster_357187_359543': 0}, 
25230.0, {'GS_cluster_357187_359543': -0.008928572}, {'GS_cluster_357187_359543': 1}, {'GS_cluster_357187_359543': 1}, 
25240.0, {'GS_cluster_357187_359543': -0.02232143}, {'GS_cluster_357187_359543': 1}, {'GS_cluster_357187_359543': 1}, 
25250.0, {'GS_cluster_357187_359543': 0.0}, {'GS_cluster_357187_359543': 0}, {'GS_cluster_357187_359543': 0}, 
25260.0, {'GS_cluster_357187_359543': -0.058035713}, {'GS_cluster_357187_359543': 2}, {'GS_cluster_357187_359543': 3}, 
25270.0, {'GS_cluster_357187_359543': 0.0}, {'GS_cluster_357187_359543': 0}, {'GS_cluster_357187_359543': 0}, 
25280.0, {'GS_cluster_357187_359543': -0.09375}, {'GS_cluster_357187_359543': 2}, {'GS_cluster_357187_359543': 4}, 
25290.0, {'GS_cluster_357187_359543': 0.0}, {'GS_cluster_357187_359543': 0}, {'GS_cluster_357187_359543': 0}, 
25300.0, {'GS_cluster_357187_359543': -0.008928572}, {'GS_cluster_357187_359543': 1}, {'GS_cluster_357187_359543': 1}, 
25310.0, {'GS_cluster_357187_359543': -0.03125}, {'GS_cluster_357187_359543': 1}, {'GS_cluster_357187_359543': 2}, 
25320.0, {'GS_cluster_357187_359543': -0.04017857}, {'GS_cluster_357187_359543': 2}, {'GS_cluster_357187_359543': 2}, 
25330.0, {'GS_cluster_357187_359543': -0.071428575}, {'GS_cluster_357187_359543': 2}, {'GS_cluster_357187_359543': 3}, 
25340.0, {'GS_cluster_357187_359543': -0.017857144}, {'GS_cluster_357187_359543': 1}, {'GS_cluster_357187_359543': 1}, 
25350.0, {'GS_cluster_357187_359543': -0.15178572}, {'GS_cluster_357187_359543': 3}, {'GS_cluster_357187_359543': 4}, 
25360.0, {'GS_cluster_357187_359543': -0.03125}, {'GS_cluster_357187_359543': 1}, {'GS_cluster_357187_359543': 2}, 
25370.0, {'GS_cluster_357187_359543': -0.017857144}, {'GS_cluster_357187_359543': 1}, {'GS_cluster_357187_359543': 2}, 
25380.0, {'GS_cluster_357187_359543': -0.07589286}, {'GS_cluster_357187_359543': 2}, {'GS_cluster_357187_359543': 4}, 
25390.0, {'GS_cluster_357187_359543': -0.035714287}, {'GS_cluster_357187_359543': 1}, {'GS_cluster_357187_359543': 2}, 
25400.0, {'GS_cluster_357187_359543': -0.17857143}, {'GS_cluster_357187_359543': 3}, {'GS_cluster_357187_359543': 5}, 
25410.0, {'GS_cluster_357187_359543': -0.04017857}, {'GS_cluster_357187_359543': 2}, {'GS_cluster_357187_359543': 3}, 
25420.0, {'GS_cluster_357187_359543': -0.24107143}, {'GS_cluster_357187_359543': 5}, {'GS_cluster_357187_359543': 6}, 
25430.0, {'GS_cluster_357187_359543': -0.17857143}, {'GS_cluster_357187_359543': 3}, {'GS_cluster_357187_359543': 5}, 
25440.0, {'GS_cluster_357187_359543': -0.23214285}, {'GS_cluster_357187_359543': 4}, {'GS_cluster_357187_359543': 4}, 
25450.0, {'GS_cluster_357187_359543': -0.13839285}, {'GS_cluster_357187_359543': 2}, {'GS_cluster_357187_359543': 4}, 
25460.0, {'GS_cluster_357187_359543': -0.125}, {'GS_cluster_357187_359543': 2}, {'GS_cluster_357187_359543': 2}, 
25470.0, {'GS_cluster_357187_359543': -0.04910714}, {'GS_cluster_357187_359543': 2}, {'GS_cluster_357187_359543': 3}, 
25480.0, {'GS_cluster_357187_359543': -0.04017857}, {'GS_cluster_357187_359543': 1}, {'GS_cluster_357187_359543': 2}, 
25490.0, {'GS_cluster_357187_359543': -0.035714287}, {'GS_cluster_357187_359543': 2}, {'GS_cluster_357187_359543': 2}, 
25500.0, {'GS_cluster_357187_359543': -0.04464286}, {'GS_cluster_357187_359543': 1}, {'GS_cluster_357187_359543': 3}, 
25510.0, {'GS_cluster_357187_359543': -0.071428575}, {'GS_cluster_357187_359543': 2}, {'GS_cluster_357187_359543': 3}, 
25520.0, {'GS_cluster_357187_359543': -0.08035714}, {'GS_cluster_357187_359543': 2}, {'GS_cluster_357187_359543': 4}, 
25530.0, {'GS_cluster_357187_359543': -0.09821428}, {'GS_cluster_357187_359543': 3}, {'GS_cluster_357187_359543': 4}, 
25540.0, {'GS_cluster_357187_359543': -0.12053572}, {'GS_cluster_357187_359543': 2}, {'GS_cluster_357187_359543': 4}, 
25550.0, {'GS_cluster_357187_359543': -0.125}, {'GS_cluster_357187_359543': 3}, {'GS_cluster_357187_359543': 6}, 
25560.0, {'GS_cluster_357187_359543': -0.035714287}, {'GS_cluster_357187_359543': 2}, {'GS_cluster_357187_359543': 2}, 
25570.0, {'GS_cluster_357187_359543': -0.116071425}, {'GS_cluster_357187_359543': 3}, {'GS_cluster_357187_359543': 6}, 
25580.0, {'GS_cluster_357187_359543': -0.125}, {'GS_cluster_357187_359543': 3}, {'GS_cluster_357187_359543': 4}, 
25590.0, {'GS_cluster_357187_359543': -0.26785713}, {'GS_cluster_357187_359543': 5}, {'GS_cluster_357187_359543': 10}, 
25600.0, {'GS_cluster_357187_359543': -0.625}, {'GS_cluster_357187_359543': 6}, {'GS_cluster_357187_359543': 11}, 
25610.0, {'GS_cluster_357187_359543': -0.38839287}, {'GS_cluster_357187_359543': 4}, {'GS_cluster_357187_359543': 8}, 
25620.0, {'GS_cluster_357187_359543': -0.4330357}, {'GS_cluster_357187_359543': 4}, {'GS_cluster_357187_359543': 9}, 
25630.0, {'GS_cluster_357187_359543': -0.32142857}, {'GS_cluster_357187_359543': 1}, {'GS_cluster_357187_359543': 4}, 
25640.0, {'GS_cluster_357187_359543': -0.5401786}, {'GS_cluster_357187_359543': 5}, {'GS_cluster_357187_359543': 11}, 
25650.0, {'GS_cluster_357187_359543': -0.25892857}, {'GS_cluster_357187_359543': 5}, {'GS_cluster_357187_359543': 8}, 
25660.0, {'GS_cluster_357187_359543': -0.62946427}, {'GS_cluster_357187_359543': 7}, {'GS_cluster_357187_359543': 13}, 
25670.0, {'GS_cluster_357187_359543': -1.3526785}, {'GS_cluster_357187_359543': 7}, {'GS_cluster_357187_359543': 17}, 
25680.0, {'GS_cluster_357187_359543': -1.3571428}, {'GS_cluster_357187_359543': 5}, {'GS_cluster_357187_359543': 13}, 
25690.0, {'GS_cluster_357187_359543': -1.3883928}, {'GS_cluster_357187_359543': 6}, {'GS_cluster_357187_359543': 15}, 
25700.0, {'GS_cluster_357187_359543': -1.2366072}, {'GS_cluster_357187_359543': 6}, {'GS_cluster_357187_359543': 14}, 
25710.0, {'GS_cluster_357187_359543': -1.0625}, {'GS_cluster_357187_359543': 5}, {'GS_cluster_357187_359543': 13}, 
25720.0, {'GS_cluster_357187_359543': -1.0714285}, {'GS_cluster_357187_359543': 5}, {'GS_cluster_357187_359543': 19}, 
25730.0, {'GS_cluster_357187_359543': -1.4151785}, {'GS_cluster_357187_359543': 8}, {'GS_cluster_357187_359543': 21}, 
25740.0, {'GS_cluster_357187_359543': -2.1160715}, {'GS_cluster_357187_359543': 8}, {'GS_cluster_357187_359543': 22}, 
25750.0, {'GS_cluster_357187_359543': -2.732143}, {'GS_cluster_357187_359543': 9}, {'GS_cluster_357187_359543': 25}, 
25760.0, {'GS_cluster_357187_359543': -2.3348215}, {'GS_cluster_357187_359543': 7}, {'GS_cluster_357187_359543': 22}, 
25770.0, {'GS_cluster_357187_359543': -1.9553572}, {'GS_cluster_357187_359543': 7}, {'GS_cluster_357187_359543': 20}, 
25780.0, {'GS_cluster_357187_359543': -1.5223215}, {'GS_cluster_357187_359543': 5}, {'GS_cluster_357187_359543': 14}, 
25790.0, {'GS_cluster_357187_359543': -2.2544644}, {'GS_cluster_357187_359543': 7}, {'GS_cluster_357187_359543': 22}, 
25800.0, {'GS_cluster_357187_359543': -2.700893}, {'GS_cluster_357187_359543': 9}, {'GS_cluster_357187_359543': 24}, 
25810.0, {'GS_cluster_357187_359543': -2.0580356}, {'GS_cluster_357187_359543': 6}, {'GS_cluster_357187_359543': 18}, 
25820.0, {'GS_cluster_357187_359543': -0.99553573}, {'GS_cluster_357187_359543': 7}, {'GS_cluster_357187_359543': 9}, 
25830.0, {'GS_cluster_357187_359543': -0.87053573}, {'GS_cluster_357187_359543': 4}, {'GS_cluster_357187_359543': 8}, 
25840.0, {'GS_cluster_357187_359543': -0.2857143}, {'GS_cluster_357187_359543': 4}, {'GS_cluster_357187_359543': 8}, 
25850.0, {'GS_cluster_357187_359543': -0.04464286}, {'GS_cluster_357187_359543': 1}, {'GS_cluster_357187_359543': 1}, 
25860.0, {'GS_cluster_357187_359543': -0.08928572}, {'GS_cluster_357187_359543': 1}, {'GS_cluster_357187_359543': 1}, 
25870.0, {'GS_cluster_357187_359543': -0.035714287}, {'GS_cluster_357187_359543': 1}, {'GS_cluster_357187_359543': 2}, 
25880.0, {'GS_cluster_357187_359543': 0.0}, {'GS_cluster_357187_359543': 0}, {'GS_cluster_357187_359543': 0}, 
25890.0, {'GS_cluster_357187_359543': 0.0}, {'GS_cluster_357187_359543': 0}, {'GS_cluster_357187_359543': 0}, 
25900.0, {'GS_cluster_357187_359543': -0.0625}, {'GS_cluster_357187_359543': 2}, {'GS_cluster_357187_359543': 3}, 
25910.0, {'GS_cluster_357187_359543': 0.0}, {'GS_cluster_357187_359543': 0}, {'GS_cluster_357187_359543': 0}, 
25920.0, {'GS_cluster_357187_359543': -0.008928572}, {'GS_cluster_357187_359543': 1}, {'GS_cluster_357187_359543': 1}, 
25930.0, {'GS_cluster_357187_359543': -0.04017857}, {'GS_cluster_357187_359543': 2}, {'GS_cluster_357187_359543': 3}, 
25940.0, {'GS_cluster_357187_359543': -0.26339287}, {'GS_cluster_357187_359543': 4}, {'GS_cluster_357187_359543': 7}, 
25950.0, {'GS_cluster_357187_359543': -0.05357143}, {'GS_cluster_357187_359543': 1}, {'GS_cluster_357187_359543': 1}, 
25960.0, {'GS_cluster_357187_359543': -0.16071428}, {'GS_cluster_357187_359543': 2}, {'GS_cluster_357187_359543': 3}, 
25970.0, {'GS_cluster_357187_359543': -0.29464287}, {'GS_cluster_357187_359543': 2}, {'GS_cluster_357187_359543': 3}, 
25980.0, {'GS_cluster_357187_359543': -0.03125}, {'GS_cluster_357187_359543': 2}, {'GS_cluster_357187_359543': 2}, 
25990.0, {'GS_cluster_357187_359543': -0.004464286}, {'GS_cluster_357187_359543': 1}, {'GS_cluster_357187_359543': 1}, 
26000.0, {'GS_cluster_357187_359543': -0.084821425}, {'GS_cluster_357187_359543': 2}, {'GS_cluster_357187_359543': 4}, 
26010.0, {'GS_cluster_357187_359543': -0.035714287}, {'GS_cluster_357187_359543': 1}, {'GS_cluster_357187_359543': 2}, 
26020.0, {'GS_cluster_357187_359543': -0.04017857}, {'GS_cluster_357187_359543': 1}, {'GS_cluster_357187_359543': 2}, 
26030.0, {'GS_cluster_357187_359543': -0.013392857}, {'GS_cluster_357187_359543': 1}, {'GS_cluster_357187_359543': 1}, 
26040.0, {'GS_cluster_357187_359543': -0.07589286}, {'GS_cluster_357187_359543': 2}, {'GS_cluster_357187_359543': 3}, 
26050.0, {'GS_cluster_357187_359543': -0.03125}, {'GS_cluster_357187_359543': 1}, {'GS_cluster_357187_359543': 2}, 
26060.0, {'GS_cluster_357187_359543': -0.08035714}, {'GS_cluster_357187_359543': 3}, {'GS_cluster_357187_359543': 4}, 
26070.0, {'GS_cluster_357187_359543': -0.058035713}, {'GS_cluster_357187_359543': 3}, {'GS_cluster_357187_359543': 5}, 
26080.0, {'GS_cluster_357187_359543': -0.25}, {'GS_cluster_357187_359543': 4}, {'GS_cluster_357187_359543': 6}, 
26090.0, {'GS_cluster_357187_359543': -0.14732143}, {'GS_cluster_357187_359543': 2}, {'GS_cluster_357187_359543': 2}, 
26100.0, {'GS_cluster_357187_359543': -0.008928572}, {'GS_cluster_357187_359543': 1}, {'GS_cluster_357187_359543': 2}, 
26110.0, {'GS_cluster_357187_359543': -0.17410715}, {'GS_cluster_357187_359543': 2}, {'GS_cluster_357187_359543': 6}, 
26120.0, {'GS_cluster_357187_359543': -0.4642857}, {'GS_cluster_357187_359543': 3}, {'GS_cluster_357187_359543': 8}, 
26130.0, {'GS_cluster_357187_359543': -0.22321428}, {'GS_cluster_357187_359543': 2}, {'GS_cluster_357187_359543': 4}, 
26140.0, {'GS_cluster_357187_359543': -0.13392857}, {'GS_cluster_357187_359543': 1}, {'GS_cluster_357187_359543': 2}, 
26150.0, {'GS_cluster_357187_359543': 0.0}, {'GS_cluster_357187_359543': 0}, {'GS_cluster_357187_359543': 0}, 
26160.0, {'GS_cluster_357187_359543': -0.04910714}, {'GS_cluster_357187_359543': 2}, {'GS_cluster_357187_359543': 2}, 
26170.0, {'GS_cluster_357187_359543': -0.026785715}, {'GS_cluster_357187_359543': 1}, {'GS_cluster_357187_359543': 2}, 
26180.0, {'GS_cluster_357187_359543': -0.102678575}, {'GS_cluster_357187_359543': 2}, {'GS_cluster_357187_359543': 6}, 
26190.0, {'GS_cluster_357187_359543': -0.07589286}, {'GS_cluster_357187_359543': 2}, {'GS_cluster_357187_359543': 4}, 
26200.0, {'GS_cluster_357187_359543': -0.026785715}, {'GS_cluster_357187_359543': 1}, {'GS_cluster_357187_359543': 2}, 
26210.0, {'GS_cluster_357187_359543': -0.0625}, {'GS_cluster_357187_359543': 2}, {'GS_cluster_357187_359543': 3}, 
26220.0, {'GS_cluster_357187_359543': -0.04017857}, {'GS_cluster_357187_359543': 1}, {'GS_cluster_357187_359543': 2}, 
26230.0, {'GS_cluster_357187_359543': -0.16517857}, {'GS_cluster_357187_359543': 2}, {'GS_cluster_357187_359543': 3}, 
26240.0, {'GS_cluster_357187_359543': -0.32142857}, {'GS_cluster_357187_359543': 3}, {'GS_cluster_357187_359543': 4}, 
26250.0, {'GS_cluster_357187_359543': -0.03125}, {'GS_cluster_357187_359543': 1}, {'GS_cluster_357187_359543': 3}, 
26260.0, {'GS_cluster_357187_359543': -0.071428575}, {'GS_cluster_357187_359543': 1}, {'GS_cluster_357187_359543': 3}, 
26270.0, {'GS_cluster_357187_359543': -0.25}, {'GS_cluster_357187_359543': 3}, {'GS_cluster_357187_359543': 5}, 
26280.0, {'GS_cluster_357187_359543': -0.04017857}, {'GS_cluster_357187_359543': 2}, {'GS_cluster_357187_359543': 3}, 
26290.0, {'GS_cluster_357187_359543': -0.06696428}, {'GS_cluster_357187_359543': 3}, {'GS_cluster_357187_359543': 5}, 
26300.0, {'GS_cluster_357187_359543': -0.05357143}, {'GS_cluster_357187_359543': 2}, {'GS_cluster_357187_359543': 3}, 
26310.0, {'GS_cluster_357187_359543': -0.10714286}, {'GS_cluster_357187_359543': 2}, {'GS_cluster_357187_359543': 4}, 
26320.0, {'GS_cluster_357187_359543': -0.10714286}, {'GS_cluster_357187_359543': 3}, {'GS_cluster_357187_359543': 5}, 
26330.0, {'GS_cluster_357187_359543': -0.04017857}, {'GS_cluster_357187_359543': 1}, {'GS_cluster_357187_359543': 1}, 
26340.0, {'GS_cluster_357187_359543': -0.15178572}, {'GS_cluster_357187_359543': 4}, {'GS_cluster_357187_359543': 8}, 
26350.0, {'GS_cluster_357187_359543': -0.05357143}, {'GS_cluster_357187_359543': 1}, {'GS_cluster_357187_359543': 2}, 
26360.0, {'GS_cluster_357187_359543': -0.16517857}, {'GS_cluster_357187_359543': 3}, {'GS_cluster_357187_359543': 5}, 
26370.0, {'GS_cluster_357187_359543': -0.04910714}, {'GS_cluster_357187_359543': 1}, {'GS_cluster_357187_359543': 2}, 
26380.0, {'GS_cluster_357187_359543': -0.058035713}, {'GS_cluster_357187_359543': 2}, {'GS_cluster_357187_359543': 2}, 
26390.0, {'GS_cluster_357187_359543': -0.04017857}, {'GS_cluster_357187_359543': 1}, {'GS_cluster_357187_359543': 1}, 
26400.0, {'GS_cluster_357187_359543': -0.09375}, {'GS_cluster_357187_359543': 1}, {'GS_cluster_357187_359543': 2}, 
26410.0, {'GS_cluster_357187_359543': 0.0}, {'GS_cluster_357187_359543': 0}, {'GS_cluster_357187_359543': 0}, 
26420.0, {'GS_cluster_357187_359543': -0.08928572}, {'GS_cluster_357187_359543': 2}, {'GS_cluster_357187_359543': 4}, 
26430.0, {'GS_cluster_357187_359543': -0.008928572}, {'GS_cluster_357187_359543': 1}, {'GS_cluster_357187_359543': 1}, 
26440.0, {'GS_cluster_357187_359543': -0.04910714}, {'GS_cluster_357187_359543': 2}, {'GS_cluster_357187_359543': 3}, 
26450.0, {'GS_cluster_357187_359543': -0.05357143}, {'GS_cluster_357187_359543': 3}, {'GS_cluster_357187_359543': 4}, 
26460.0, {'GS_cluster_357187_359543': -0.03125}, {'GS_cluster_357187_359543': 1}, {'GS_cluster_357187_359543': 2}, 
26470.0, {'GS_cluster_357187_359543': -0.17410715}, {'GS_cluster_357187_359543': 3}, {'GS_cluster_357187_359543': 5}, 
26480.0, {'GS_cluster_357187_359543': -0.04464286}, {'GS_cluster_357187_359543': 2}, {'GS_cluster_357187_359543': 3}, 
26490.0, {'GS_cluster_357187_359543': -0.03125}, {'GS_cluster_357187_359543': 1}, {'GS_cluster_357187_359543': 1}, 
26500.0, {'GS_cluster_357187_359543': -0.102678575}, {'GS_cluster_357187_359543': 2}, {'GS_cluster_357187_359543': 4}, 
26510.0, {'GS_cluster_357187_359543': -0.04464286}, {'GS_cluster_357187_359543': 1}, {'GS_cluster_357187_359543': 2}, 
26520.0, {'GS_cluster_357187_359543': -0.026785715}, {'GS_cluster_357187_359543': 1}, {'GS_cluster_357187_359543': 1}, 
26530.0, {'GS_cluster_357187_359543': -0.08035714}, {'GS_cluster_357187_359543': 1}, {'GS_cluster_357187_359543': 2}, 
26540.0, {'GS_cluster_357187_359543': -0.16964285}, {'GS_cluster_357187_359543': 1}, {'GS_cluster_357187_359543': 2}, 
26550.0, {'GS_cluster_357187_359543': -0.02232143}, {'GS_cluster_357187_359543': 1}, {'GS_cluster_357187_359543': 2}, 
26560.0, {'GS_cluster_357187_359543': -0.02232143}, {'GS_cluster_357187_359543': 1}, {'GS_cluster_357187_359543': 2}, 
26570.0, {'GS_cluster_357187_359543': -0.1875}, {'GS_cluster_357187_359543': 3}, {'GS_cluster_357187_359543': 4}, 
26580.0, {'GS_cluster_357187_359543': -0.017857144}, {'GS_cluster_357187_359543': 2}, {'GS_cluster_357187_359543': 2}, 
26590.0, {'GS_cluster_357187_359543': -0.09375}, {'GS_cluster_357187_359543': 2}, {'GS_cluster_357187_359543': 5}, 
26600.0, {'GS_cluster_357187_359543': -0.12053572}, {'GS_cluster_357187_359543': 4}, {'GS_cluster_357187_359543': 6}, 
26610.0, {'GS_cluster_357187_359543': -0.16964285}, {'GS_cluster_357187_359543': 3}, {'GS_cluster_357187_359543': 6}, 
26620.0, {'GS_cluster_357187_359543': -0.5089286}, {'GS_cluster_357187_359543': 4}, {'GS_cluster_357187_359543': 12}, 
26630.0, {'GS_cluster_357187_359543': -0.24553572}, {'GS_cluster_357187_359543': 2}, {'GS_cluster_357187_359543': 5}, 
26640.0, {'GS_cluster_357187_359543': -0.48214287}, {'GS_cluster_357187_359543': 4}, {'GS_cluster_357187_359543': 10}, 
26650.0, {'GS_cluster_357187_359543': -0.058035713}, {'GS_cluster_357187_359543': 1}, {'GS_cluster_357187_359543': 1}, 
26660.0, {'GS_cluster_357187_359543': -0.03125}, {'GS_cluster_357187_359543': 2}, {'GS_cluster_357187_359543': 2}, 
26670.0, {'GS_cluster_357187_359543': -0.04017857}, {'GS_cluster_357187_359543': 1}, {'GS_cluster_357187_359543': 2}, 
26680.0, {'GS_cluster_357187_359543': -0.06696428}, {'GS_cluster_357187_359543': 3}, {'GS_cluster_357187_359543': 3}, 
26690.0, {'GS_cluster_357187_359543': -0.04017857}, {'GS_cluster_357187_359543': 3}, {'GS_cluster_357187_359543': 3}, 
26700.0, {'GS_cluster_357187_359543': -0.09375}, {'GS_cluster_357187_359543': 4}, {'GS_cluster_357187_359543': 5}, 
26710.0, {'GS_cluster_357187_359543': -0.19196428}, {'GS_cluster_357187_359543': 4}, {'GS_cluster_357187_359543': 10}, 
26720.0, {'GS_cluster_357187_359543': -0.34375}, {'GS_cluster_357187_359543': 5}, {'GS_cluster_357187_359543': 9}, 
26730.0, {'GS_cluster_357187_359543': -0.75}, {'GS_cluster_357187_359543': 11}, {'GS_cluster_357187_359543': 14}, 
26740.0, {'GS_cluster_357187_359543': -0.81696427}, {'GS_cluster_357187_359543': 8}, {'GS_cluster_357187_359543': 15}, 
26750.0, {'GS_cluster_357187_359543': -0.76785713}, {'GS_cluster_357187_359543': 4}, {'GS_cluster_357187_359543': 15}, 
26760.0, {'GS_cluster_357187_359543': -0.40625}, {'GS_cluster_357187_359543': 3}, {'GS_cluster_357187_359543': 10}, 
26770.0, {'GS_cluster_357187_359543': -0.82589287}, {'GS_cluster_357187_359543': 8}, {'GS_cluster_357187_359543': 14}, 
26780.0, {'GS_cluster_357187_359543': -0.61160713}, {'GS_cluster_357187_359543': 6}, {'GS_cluster_357187_359543': 13}, 
26790.0, {'GS_cluster_357187_359543': -0.74553573}, {'GS_cluster_357187_359543': 9}, {'GS_cluster_357187_359543': 18}, 
26800.0, {'GS_cluster_357187_359543': -0.99553573}, {'GS_cluster_357187_359543': 10}, {'GS_cluster_357187_359543': 20}, 
26810.0, {'GS_cluster_357187_359543': -0.9910714}, {'GS_cluster_357187_359543': 6}, {'GS_cluster_357187_359543': 16}, 
26820.0, {'GS_cluster_357187_359543': -0.96428573}, {'GS_cluster_357187_359543': 4}, {'GS_cluster_357187_359543': 11}, 
26830.0, {'GS_cluster_357187_359543': -0.7723214}, {'GS_cluster_357187_359543': 10}, {'GS_cluster_357187_359543': 10}, 
26840.0, {'GS_cluster_357187_359543': -0.62053573}, {'GS_cluster_357187_359543': 8}, {'GS_cluster_357187_359543': 8}, 
26850.0, {'GS_cluster_357187_359543': -0.30357143}, {'GS_cluster_357187_359543': 4}, {'GS_cluster_357187_359543': 7}, 
26860.0, {'GS_cluster_357187_359543': -0.3392857}, {'GS_cluster_357187_359543': 3}, {'GS_cluster_357187_359543': 5}, 
26870.0, {'GS_cluster_357187_359543': -0.12053572}, {'GS_cluster_357187_359543': 2}, {'GS_cluster_357187_359543': 2}, 
26880.0, {'GS_cluster_357187_359543': -0.08035714}, {'GS_cluster_357187_359543': 2}, {'GS_cluster_357187_359543': 4}, 
26890.0, {'GS_cluster_357187_359543': 0.0}, {'GS_cluster_357187_359543': 0}, {'GS_cluster_357187_359543': 0}, 
26900.0, {'GS_cluster_357187_359543': -0.16071428}, {'GS_cluster_357187_359543': 5}, {'GS_cluster_357187_359543': 10}, 
26910.0, {'GS_cluster_357187_359543': -0.20982143}, {'GS_cluster_357187_359543': 2}, {'GS_cluster_357187_359543': 6}, 
26920.0, {'GS_cluster_357187_359543': -0.30357143}, {'GS_cluster_357187_359543': 4}, {'GS_cluster_357187_359543': 7}, 
26930.0, {'GS_cluster_357187_359543': -0.17857143}, {'GS_cluster_357187_359543': 4}, {'GS_cluster_357187_359543': 7}, 
26940.0, {'GS_cluster_357187_359543': -0.32142857}, {'GS_cluster_357187_359543': 3}, {'GS_cluster_357187_359543': 8}, 
26950.0, {'GS_cluster_357187_359543': -0.12053572}, {'GS_cluster_357187_359543': 3}, {'GS_cluster_357187_359543': 3}, 
26960.0, {'GS_cluster_357187_359543': -0.0625}, {'GS_cluster_357187_359543': 2}, {'GS_cluster_357187_359543': 5}, 
26970.0, {'GS_cluster_357187_359543': -0.09375}, {'GS_cluster_357187_359543': 2}, {'GS_cluster_357187_359543': 4}, 
26980.0, {'GS_cluster_357187_359543': -0.07589286}, {'GS_cluster_357187_359543': 2}, {'GS_cluster_357187_359543': 3}, 
26990.0, {'GS_cluster_357187_359543': -0.04910714}, {'GS_cluster_357187_359543': 2}, {'GS_cluster_357187_359543': 3}, 
27000.0, {'GS_cluster_357187_359543': -0.26785713}, {'GS_cluster_357187_359543': 3}, {'GS_cluster_357187_359543': 7}, 
27010.0, {'GS_cluster_357187_359543': -0.004464286}, {'GS_cluster_357187_359543': 1}, {'GS_cluster_357187_359543': 1}, 
27020.0, {'GS_cluster_357187_359543': -0.071428575}, {'GS_cluster_357187_359543': 2}, {'GS_cluster_357187_359543': 4}, 
27030.0, {'GS_cluster_357187_359543': 0.0}, {'GS_cluster_357187_359543': 0}, {'GS_cluster_357187_359543': 0}, 
27040.0, {'GS_cluster_357187_359543': 0.0}, {'GS_cluster_357187_359543': 0}, {'GS_cluster_357187_359543': 0}, 
27050.0, {'GS_cluster_357187_359543': -0.026785715}, {'GS_cluster_357187_359543': 1}, {'GS_cluster_357187_359543': 1}, 
27060.0, {'GS_cluster_357187_359543': -0.026785715}, {'GS_cluster_357187_359543': 1}, {'GS_cluster_357187_359543': 2}, 
27070.0, {'GS_cluster_357187_359543': -0.004464286}, {'GS_cluster_357187_359543': 1}, {'GS_cluster_357187_359543': 1}, 
27080.0, {'GS_cluster_357187_359543': -0.08035714}, {'GS_cluster_357187_359543': 4}, {'GS_cluster_357187_359543': 4}, 
27090.0, {'GS_cluster_357187_359543': -0.0625}, {'GS_cluster_357187_359543': 1}, {'GS_cluster_357187_359543': 2}, 
27100.0, {'GS_cluster_357187_359543': -0.017857144}, {'GS_cluster_357187_359543': 1}, {'GS_cluster_357187_359543': 1}, 
27110.0, {'GS_cluster_357187_359543': -0.026785715}, {'GS_cluster_357187_359543': 2}, {'GS_cluster_357187_359543': 2}, 
27120.0, {'GS_cluster_357187_359543': -0.13392857}, {'GS_cluster_357187_359543': 1}, {'GS_cluster_357187_359543': 4}, 
27130.0, {'GS_cluster_357187_359543': -0.24553572}, {'GS_cluster_357187_359543': 1}, {'GS_cluster_357187_359543': 4}, 
27140.0, {'GS_cluster_357187_359543': -0.07589286}, {'GS_cluster_357187_359543': 1}, {'GS_cluster_357187_359543': 1}, 
27150.0, {'GS_cluster_357187_359543': 0.0}, {'GS_cluster_357187_359543': 0}, {'GS_cluster_357187_359543': 0}, 
27160.0, {'GS_cluster_357187_359543': 0.0}, {'GS_cluster_357187_359543': 0}, {'GS_cluster_357187_359543': 0}, 
27170.0, {'GS_cluster_357187_359543': -0.04464286}, {'GS_cluster_357187_359543': 1}, {'GS_cluster_357187_359543': 2}, 
27180.0, {'GS_cluster_357187_359543': -0.013392857}, {'GS_cluster_357187_359543': 1}, {'GS_cluster_357187_359543': 1}, 
27190.0, {'GS_cluster_357187_359543': -0.004464286}, {'GS_cluster_357187_359543': 1}, {'GS_cluster_357187_359543': 1}, 
27200.0, {'GS_cluster_357187_359543': -0.04017857}, {'GS_cluster_357187_359543': 3}, {'GS_cluster_357187_359543': 3}, 
27210.0, {'GS_cluster_357187_359543': -0.116071425}, {'GS_cluster_357187_359543': 3}, {'GS_cluster_357187_359543': 3}, 
27220.0, {'GS_cluster_357187_359543': -0.17857143}, {'GS_cluster_357187_359543': 2}, {'GS_cluster_357187_359543': 4}, 
27230.0, {'GS_cluster_357187_359543': -0.16517857}, {'GS_cluster_357187_359543': 1}, {'GS_cluster_357187_359543': 3}, 
27240.0, {'GS_cluster_357187_359543': -0.25}, {'GS_cluster_357187_359543': 2}, {'GS_cluster_357187_359543': 6}, 
27250.0, {'GS_cluster_357187_359543': -0.10714286}, {'GS_cluster_357187_359543': 3}, {'GS_cluster_357187_359543': 4}, 
27260.0, {'GS_cluster_357187_359543': -0.15178572}, {'GS_cluster_357187_359543': 2}, {'GS_cluster_357187_359543': 4}, 
27270.0, {'GS_cluster_357187_359543': 0.0}, {'GS_cluster_357187_359543': 0}, {'GS_cluster_357187_359543': 0}, 
27280.0, {'GS_cluster_357187_359543': -0.03125}, {'GS_cluster_357187_359543': 2}, {'GS_cluster_357187_359543': 2}, 
27290.0, {'GS_cluster_357187_359543': -0.08928572}, {'GS_cluster_357187_359543': 2}, {'GS_cluster_357187_359543': 5}, 
27300.0, {'GS_cluster_357187_359543': -0.04910714}, {'GS_cluster_357187_359543': 2}, {'GS_cluster_357187_359543': 3}, 
27310.0, {'GS_cluster_357187_359543': -0.12946428}, {'GS_cluster_357187_359543': 2}, {'GS_cluster_357187_359543': 3}, 
27320.0, {'GS_cluster_357187_359543': 0.0}, {'GS_cluster_357187_359543': 0}, {'GS_cluster_357187_359543': 0}, 
27330.0, {'GS_cluster_357187_359543': 0.0}, {'GS_cluster_357187_359543': 0}, {'GS_cluster_357187_359543': 0}, 
27340.0, {'GS_cluster_357187_359543': 0.0}, {'GS_cluster_357187_359543': 0}, {'GS_cluster_357187_359543': 0}, 
27350.0, {'GS_cluster_357187_359543': -0.017857144}, {'GS_cluster_357187_359543': 1}, {'GS_cluster_357187_359543': 1}, 
27360.0, {'GS_cluster_357187_359543': 0.0}, {'GS_cluster_357187_359543': 0}, {'GS_cluster_357187_359543': 0}, 
27370.0, {'GS_cluster_357187_359543': -0.008928572}, {'GS_cluster_357187_359543': 1}, {'GS_cluster_357187_359543': 1}, 
27380.0, {'GS_cluster_357187_359543': -0.008928572}, {'GS_cluster_357187_359543': 1}, {'GS_cluster_357187_359543': 1}, 
27390.0, {'GS_cluster_357187_359543': 0.0}, {'GS_cluster_357187_359543': 0}, {'GS_cluster_357187_359543': 0}, 
27400.0, {'GS_cluster_357187_359543': 0.0}, {'GS_cluster_357187_359543': 0}, {'GS_cluster_357187_359543': 0}, 
27410.0, {'GS_cluster_357187_359543': 0.0}, {'GS_cluster_357187_359543': 0}, {'GS_cluster_357187_359543': 0}, 
27420.0, {'GS_cluster_357187_359543': 0.0}, {'GS_cluster_357187_359543': 0}, {'GS_cluster_357187_359543': 0}, 
27430.0, {'GS_cluster_357187_359543': 0.0}, {'GS_cluster_357187_359543': 0}, {'GS_cluster_357187_359543': 0}, 
27440.0, {'GS_cluster_357187_359543': 0.0}, {'GS_cluster_357187_359543': 0}, {'GS_cluster_357187_359543': 0}, 
27450.0, {'GS_cluster_357187_359543': -0.008928572}, {'GS_cluster_357187_359543': 1}, {'GS_cluster_357187_359543': 1}, 
27460.0, {'GS_cluster_357187_359543': 0.0}, {'GS_cluster_357187_359543': 0}, {'GS_cluster_357187_359543': 0}, 
27470.0, {'GS_cluster_357187_359543': -0.08928572}, {'GS_cluster_357187_359543': 3}, {'GS_cluster_357187_359543': 3}, 
27480.0, {'GS_cluster_357187_359543': -0.017857144}, {'GS_cluster_357187_359543': 1}, {'GS_cluster_357187_359543': 1}, 
27490.0, {'GS_cluster_357187_359543': -0.017857144}, {'GS_cluster_357187_359543': 1}, {'GS_cluster_357187_359543': 1}, 
27500.0, {'GS_cluster_357187_359543': -0.03125}, {'GS_cluster_357187_359543': 1}, {'GS_cluster_357187_359543': 1}, 
27510.0, {'GS_cluster_357187_359543': -0.013392857}, {'GS_cluster_357187_359543': 1}, {'GS_cluster_357187_359543': 1}, 
27520.0, {'GS_cluster_357187_359543': -0.008928572}, {'GS_cluster_357187_359543': 1}, {'GS_cluster_357187_359543': 1}, 
27530.0, {'GS_cluster_357187_359543': -0.035714287}, {'GS_cluster_357187_359543': 2}, {'GS_cluster_357187_359543': 2}, 
27540.0, {'GS_cluster_357187_359543': -0.102678575}, {'GS_cluster_357187_359543': 2}, {'GS_cluster_357187_359543': 4}, 
27550.0, {'GS_cluster_357187_359543': -0.2767857}, {'GS_cluster_357187_359543': 2}, {'GS_cluster_357187_359543': 6}, 
27560.0, {'GS_cluster_357187_359543': -0.035714287}, {'GS_cluster_357187_359543': 2}, {'GS_cluster_357187_359543': 3}, 
27570.0, {'GS_cluster_357187_359543': -0.07589286}, {'GS_cluster_357187_359543': 3}, {'GS_cluster_357187_359543': 5}, 
27580.0, {'GS_cluster_357187_359543': -0.19196428}, {'GS_cluster_357187_359543': 3}, {'GS_cluster_357187_359543': 4}, 
27590.0, {'GS_cluster_357187_359543': -0.18303572}, {'GS_cluster_357187_359543': 3}, {'GS_cluster_357187_359543': 5}, 
27600.0, {'GS_cluster_357187_359543': -0.52678573}, {'GS_cluster_357187_359543': 5}, {'GS_cluster_357187_359543': 11}, 
27610.0, {'GS_cluster_357187_359543': -0.75446427}, {'GS_cluster_357187_359543': 8}, {'GS_cluster_357187_359543': 11}, 
27620.0, {'GS_cluster_357187_359543': -1.34375}, {'GS_cluster_357187_359543': 8}, {'GS_cluster_357187_359543': 15}, 
27630.0, {'GS_cluster_357187_359543': -1.5892857}, {'GS_cluster_357187_359543': 7}, {'GS_cluster_357187_359543': 16}, 
27640.0, {'GS_cluster_357187_359543': -1.9866072}, {'GS_cluster_357187_359543': 5}, {'GS_cluster_357187_359543': 20}, 
27650.0, {'GS_cluster_357187_359543': -1.5580357}, {'GS_cluster_357187_359543': 5}, {'GS_cluster_357187_359543': 17}, 
27660.0, {'GS_cluster_357187_359543': -1.6741072}, {'GS_cluster_357187_359543': 5}, {'GS_cluster_357187_359543': 13}, 
27670.0, {'GS_cluster_357187_359543': -1.8080357}, {'GS_cluster_357187_359543': 8}, {'GS_cluster_357187_359543': 15}, 
27680.0, {'GS_cluster_357187_359543': -1.6964285}, {'GS_cluster_357187_359543': 6}, {'GS_cluster_357187_359543': 20}, 
27690.0, {'GS_cluster_357187_359543': -1.3080357}, {'GS_cluster_357187_359543': 5}, {'GS_cluster_357187_359543': 16}, 
27700.0, {'GS_cluster_357187_359543': -1.9151785}, {'GS_cluster_357187_359543': 6}, {'GS_cluster_357187_359543': 23}, 
27710.0, {'GS_cluster_357187_359543': -1.7053572}, {'GS_cluster_357187_359543': 6}, {'GS_cluster_357187_359543': 15}, 
27720.0, {'GS_cluster_357187_359543': -1.6875}, {'GS_cluster_357187_359543': 6}, {'GS_cluster_357187_359543': 14}, 
27730.0, {'GS_cluster_357187_359543': -1.4241072}, {'GS_cluster_357187_359543': 4}, {'GS_cluster_357187_359543': 14}, 
27740.0, {'GS_cluster_357187_359543': -1.125}, {'GS_cluster_357187_359543': 3}, {'GS_cluster_357187_359543': 10}, 
27750.0, {'GS_cluster_357187_359543': -1.0446428}, {'GS_cluster_357187_359543': 3}, {'GS_cluster_357187_359543': 10}, 
27760.0, {'GS_cluster_357187_359543': -0.68303573}, {'GS_cluster_357187_359543': 4}, {'GS_cluster_357187_359543': 9}, 
27770.0, {'GS_cluster_357187_359543': -0.04910714}, {'GS_cluster_357187_359543': 1}, {'GS_cluster_357187_359543': 1}, 
27780.0, {'GS_cluster_357187_359543': 0.0}, {'GS_cluster_357187_359543': 0}, {'GS_cluster_357187_359543': 0}, 
27790.0, {'GS_cluster_357187_359543': -0.008928572}, {'GS_cluster_357187_359543': 1}, {'GS_cluster_357187_359543': 1}, 
27800.0, {'GS_cluster_357187_359543': -0.05357143}, {'GS_cluster_357187_359543': 1}, {'GS_cluster_357187_359543': 1}, 
27810.0, {'GS_cluster_357187_359543': -0.017857144}, {'GS_cluster_357187_359543': 1}, {'GS_cluster_357187_359543': 2}, 
27820.0, {'GS_cluster_357187_359543': -0.02232143}, {'GS_cluster_357187_359543': 1}, {'GS_cluster_357187_359543': 1}, 
27830.0, {'GS_cluster_357187_359543': -0.11160714}, {'GS_cluster_357187_359543': 2}, {'GS_cluster_357187_359543': 3}, 
27840.0, {'GS_cluster_357187_359543': -0.026785715}, {'GS_cluster_357187_359543': 2}, {'GS_cluster_357187_359543': 3}, 
27850.0, {'GS_cluster_357187_359543': -0.071428575}, {'GS_cluster_357187_359543': 2}, {'GS_cluster_357187_359543': 3}, 
27860.0, {'GS_cluster_357187_359543': -0.25892857}, {'GS_cluster_357187_359543': 3}, {'GS_cluster_357187_359543': 5}, 
27870.0, {'GS_cluster_357187_359543': -0.04464286}, {'GS_cluster_357187_359543': 2}, {'GS_cluster_357187_359543': 3}, 
27880.0, {'GS_cluster_357187_359543': -0.116071425}, {'GS_cluster_357187_359543': 2}, {'GS_cluster_357187_359543': 4}, 
27890.0, {'GS_cluster_357187_359543': -0.04910714}, {'GS_cluster_357187_359543': 3}, {'GS_cluster_357187_359543': 3}, 
27900.0, {'GS_cluster_357187_359543': -0.116071425}, {'GS_cluster_357187_359543': 2}, {'GS_cluster_357187_359543': 5}, 
27910.0, {'GS_cluster_357187_359543': -0.10714286}, {'GS_cluster_357187_359543': 3}, {'GS_cluster_357187_359543': 5}, 
27920.0, {'GS_cluster_357187_359543': 0.0}, {'GS_cluster_357187_359543': 0}, {'GS_cluster_357187_359543': 0}, 
27930.0, {'GS_cluster_357187_359543': -0.02232143}, {'GS_cluster_357187_359543': 1}, {'GS_cluster_357187_359543': 1}, 
27940.0, {'GS_cluster_357187_359543': -0.125}, {'GS_cluster_357187_359543': 2}, {'GS_cluster_357187_359543': 3}, 
27950.0, {'GS_cluster_357187_359543': -0.04017857}, {'GS_cluster_357187_359543': 1}, {'GS_cluster_357187_359543': 2}, 
27960.0, {'GS_cluster_357187_359543': 0.0}, {'GS_cluster_357187_359543': 0}, {'GS_cluster_357187_359543': 0}, 
27970.0, {'GS_cluster_357187_359543': 0.0}, {'GS_cluster_357187_359543': 0}, {'GS_cluster_357187_359543': 0}, 
27980.0, {'GS_cluster_357187_359543': -0.04017857}, {'GS_cluster_357187_359543': 1}, {'GS_cluster_357187_359543': 1}, 
27990.0, {'GS_cluster_357187_359543': -0.084821425}, {'GS_cluster_357187_359543': 1}, {'GS_cluster_357187_359543': 1}, 
28000.0, {'GS_cluster_357187_359543': -0.13839285}, {'GS_cluster_357187_359543': 1}, {'GS_cluster_357187_359543': 2}, 
28010.0, {'GS_cluster_357187_359543': 0.0}, {'GS_cluster_357187_359543': 0}, {'GS_cluster_357187_359543': 0}, 
28020.0, {'GS_cluster_357187_359543': 0.0}, {'GS_cluster_357187_359543': 0}, {'GS_cluster_357187_359543': 0}, 
28030.0, {'GS_cluster_357187_359543': 0.0}, {'GS_cluster_357187_359543': 0}, {'GS_cluster_357187_359543': 0}, 
28040.0, {'GS_cluster_357187_359543': 0.0}, {'GS_cluster_357187_359543': 0}, {'GS_cluster_357187_359543': 0}, 
28050.0, {'GS_cluster_357187_359543': -0.058035713}, {'GS_cluster_357187_359543': 3}, {'GS_cluster_357187_359543': 4}, 
28060.0, {'GS_cluster_357187_359543': -0.004464286}, {'GS_cluster_357187_359543': 1}, {'GS_cluster_357187_359543': 1}, 
28070.0, {'GS_cluster_357187_359543': -0.12053572}, {'GS_cluster_357187_359543': 3}, {'GS_cluster_357187_359543': 4}, 
28080.0, {'GS_cluster_357187_359543': -0.38392857}, {'GS_cluster_357187_359543': 4}, {'GS_cluster_357187_359543': 7}, 
28090.0, {'GS_cluster_357187_359543': -0.08928572}, {'GS_cluster_357187_359543': 3}, {'GS_cluster_357187_359543': 4}, 
28100.0, {'GS_cluster_357187_359543': -0.23214285}, {'GS_cluster_357187_359543': 5}, {'GS_cluster_357187_359543': 9}, 
28110.0, {'GS_cluster_357187_359543': -0.30357143}, {'GS_cluster_357187_359543': 3}, {'GS_cluster_357187_359543': 10}, 
28120.0, {'GS_cluster_357187_359543': -0.36607143}, {'GS_cluster_357187_359543': 4}, {'GS_cluster_357187_359543': 7}, 
28130.0, {'GS_cluster_357187_359543': -0.33035713}, {'GS_cluster_357187_359543': 4}, {'GS_cluster_357187_359543': 13}, 
28140.0, {'GS_cluster_357187_359543': -0.35714287}, {'GS_cluster_357187_359543': 2}, {'GS_cluster_357187_359543': 7}, 
28150.0, {'GS_cluster_357187_359543': -0.55803573}, {'GS_cluster_357187_359543': 5}, {'GS_cluster_357187_359543': 9}, 
28160.0, {'GS_cluster_357187_359543': -0.24107143}, {'GS_cluster_357187_359543': 3}, {'GS_cluster_357187_359543': 6}, 
28170.0, {'GS_cluster_357187_359543': -0.39285713}, {'GS_cluster_357187_359543': 3}, {'GS_cluster_357187_359543': 7}, 
28180.0, {'GS_cluster_357187_359543': -0.116071425}, {'GS_cluster_357187_359543': 3}, {'GS_cluster_357187_359543': 4}, 
28190.0, {'GS_cluster_357187_359543': -0.2857143}, {'GS_cluster_357187_359543': 5}, {'GS_cluster_357187_359543': 6}, 
28200.0, {'GS_cluster_357187_359543': -0.17857143}, {'GS_cluster_357187_359543': 2}, {'GS_cluster_357187_359543': 3}, 
28210.0, {'GS_cluster_357187_359543': -0.13392857}, {'GS_cluster_357187_359543': 2}, {'GS_cluster_357187_359543': 2}, 
28220.0, {'GS_cluster_357187_359543': -0.24553572}, {'GS_cluster_357187_359543': 2}, {'GS_cluster_357187_359543': 4}, 
28230.0, {'GS_cluster_357187_359543': -0.07589286}, {'GS_cluster_357187_359543': 1}, {'GS_cluster_357187_359543': 4}, 
28240.0, {'GS_cluster_357187_359543': -0.08928572}, {'GS_cluster_357187_359543': 2}, {'GS_cluster_357187_359543': 4}, 
28250.0, {'GS_cluster_357187_359543': -0.18303572}, {'GS_cluster_357187_359543': 2}, {'GS_cluster_357187_359543': 4}, 
28260.0, {'GS_cluster_357187_359543': -0.02232143}, {'GS_cluster_357187_359543': 1}, {'GS_cluster_357187_359543': 1}, 
28270.0, {'GS_cluster_357187_359543': -0.06696428}, {'GS_cluster_357187_359543': 1}, {'GS_cluster_357187_359543': 1}, 
28280.0, {'GS_cluster_357187_359543': -0.04464286}, {'GS_cluster_357187_359543': 1}, {'GS_cluster_357187_359543': 2}, 
28290.0, {'GS_cluster_357187_359543': 0.0}, {'GS_cluster_357187_359543': 0}, {'GS_cluster_357187_359543': 0}, 
28300.0, {'GS_cluster_357187_359543': -0.08035714}, {'GS_cluster_357187_359543': 2}, {'GS_cluster_357187_359543': 3}, 
28310.0, {'GS_cluster_357187_359543': -0.03125}, {'GS_cluster_357187_359543': 3}, {'GS_cluster_357187_359543': 3}, 
28320.0, {'GS_cluster_357187_359543': -0.084821425}, {'GS_cluster_357187_359543': 4}, {'GS_cluster_357187_359543': 5}, 
28330.0, {'GS_cluster_357187_359543': -0.13392857}, {'GS_cluster_357187_359543': 3}, {'GS_cluster_357187_359543': 6}, 
28340.0, {'GS_cluster_357187_359543': -0.26339287}, {'GS_cluster_357187_359543': 6}, {'GS_cluster_357187_359543': 6}, 
28350.0, {'GS_cluster_357187_359543': -0.35714287}, {'GS_cluster_357187_359543': 6}, {'GS_cluster_357187_359543': 8}, 
28360.0, {'GS_cluster_357187_359543': -0.3125}, {'GS_cluster_357187_359543': 2}, {'GS_cluster_357187_359543': 6}, 
28370.0, {'GS_cluster_357187_359543': -0.46875}, {'GS_cluster_357187_359543': 4}, {'GS_cluster_357187_359543': 7}, 
28380.0, {'GS_cluster_357187_359543': -0.06696428}, {'GS_cluster_357187_359543': 1}, {'GS_cluster_357187_359543': 1}, 
28390.0, {'GS_cluster_357187_359543': -0.008928572}, {'GS_cluster_357187_359543': 1}, {'GS_cluster_357187_359543': 1}, 
28400.0, {'GS_cluster_357187_359543': -0.04017857}, {'GS_cluster_357187_359543': 2}, {'GS_cluster_357187_359543': 3}, 
28410.0, {'GS_cluster_357187_359543': 0.0}, {'GS_cluster_357187_359543': 0}, {'GS_cluster_357187_359543': 0}, 
28420.0, {'GS_cluster_357187_359543': -0.05357143}, {'GS_cluster_357187_359543': 1}, {'GS_cluster_357187_359543': 2}, 
28430.0, {'GS_cluster_357187_359543': -0.03125}, {'GS_cluster_357187_359543': 1}, {'GS_cluster_357187_359543': 2}, 
28440.0, {'GS_cluster_357187_359543': -0.013392857}, {'GS_cluster_357187_359543': 1}, {'GS_cluster_357187_359543': 1}, 
28450.0, {'GS_cluster_357187_359543': -0.04464286}, {'GS_cluster_357187_359543': 1}, {'GS_cluster_357187_359543': 2}, 
28460.0, {'GS_cluster_357187_359543': -0.04017857}, {'GS_cluster_357187_359543': 1}, {'GS_cluster_357187_359543': 2}, 
28470.0, {'GS_cluster_357187_359543': -0.008928572}, {'GS_cluster_357187_359543': 1}, {'GS_cluster_357187_359543': 1}, 
28480.0, {'GS_cluster_357187_359543': -0.05357143}, {'GS_cluster_357187_359543': 1}, {'GS_cluster_357187_359543': 2}, 
28490.0, {'GS_cluster_357187_359543': -0.12053572}, {'GS_cluster_357187_359543': 1}, {'GS_cluster_357187_359543': 3}, 
28500.0, {'GS_cluster_357187_359543': -0.08928572}, {'GS_cluster_357187_359543': 3}, {'GS_cluster_357187_359543': 4}, 
28510.0, {'GS_cluster_357187_359543': -0.02232143}, {'GS_cluster_357187_359543': 2}, {'GS_cluster_357187_359543': 2}, 
28520.0, {'GS_cluster_357187_359543': 0.0}, {'GS_cluster_357187_359543': 0}, {'GS_cluster_357187_359543': 0}, 
28530.0, {'GS_cluster_357187_359543': -0.10714286}, {'GS_cluster_357187_359543': 4}, {'GS_cluster_357187_359543': 5}, 
28540.0, {'GS_cluster_357187_359543': -0.05357143}, {'GS_cluster_357187_359543': 1}, {'GS_cluster_357187_359543': 1}, 
28550.0, {'GS_cluster_357187_359543': -0.02232143}, {'GS_cluster_357187_359543': 1}, {'GS_cluster_357187_359543': 2}, 
28560.0, {'GS_cluster_357187_359543': -0.071428575}, {'GS_cluster_357187_359543': 3}, {'GS_cluster_357187_359543': 5}, 
28570.0, {'GS_cluster_357187_359543': 0.0}, {'GS_cluster_357187_359543': 0}, {'GS_cluster_357187_359543': 0}, 
28580.0, {'GS_cluster_357187_359543': 0.0}, {'GS_cluster_357187_359543': 0}, {'GS_cluster_357187_359543': 0}, 
28590.0, {'GS_cluster_357187_359543': 0.0}, {'GS_cluster_357187_359543': 0}, {'GS_cluster_357187_359543': 0}, 
28600.0, {'GS_cluster_357187_359543': 0.0}, {'GS_cluster_357187_359543': 0}, {'GS_cluster_357187_359543': 0}, 
28610.0, {'GS_cluster_357187_359543': -0.026785715}, {'GS_cluster_357187_359543': 1}, {'GS_cluster_357187_359543': 1}, 
28620.0, {'GS_cluster_357187_359543': -0.071428575}, {'GS_cluster_357187_359543': 1}, {'GS_cluster_357187_359543': 1}, 
28630.0, {'GS_cluster_357187_359543': -0.125}, {'GS_cluster_357187_359543': 1}, {'GS_cluster_357187_359543': 2}, 
28640.0, {'GS_cluster_357187_359543': -0.013392857}, {'GS_cluster_357187_359543': 1}, {'GS_cluster_357187_359543': 2}, 
28650.0, {'GS_cluster_357187_359543': -0.04017857}, {'GS_cluster_357187_359543': 1}, {'GS_cluster_357187_359543': 3}, 
28660.0, {'GS_cluster_357187_359543': -0.04910714}, {'GS_cluster_357187_359543': 2}, {'GS_cluster_357187_359543': 3}, 
28670.0, {'GS_cluster_357187_359543': -0.11160714}, {'GS_cluster_357187_359543': 3}, {'GS_cluster_357187_359543': 5}, 
28680.0, {'GS_cluster_357187_359543': -0.33482143}, {'GS_cluster_357187_359543': 3}, {'GS_cluster_357187_359543': 5}, 
28690.0, {'GS_cluster_357187_359543': -0.55803573}, {'GS_cluster_357187_359543': 3}, {'GS_cluster_357187_359543': 5}, 
28700.0, {'GS_cluster_357187_359543': -0.78125}, {'GS_cluster_357187_359543': 3}, {'GS_cluster_357187_359543': 5}, 
28710.0, {'GS_cluster_357187_359543': -0.026785715}, {'GS_cluster_357187_359543': 1}, {'GS_cluster_357187_359543': 1}, 
28720.0, {'GS_cluster_357187_359543': -0.017857144}, {'GS_cluster_357187_359543': 1}, {'GS_cluster_357187_359543': 1}, 
28730.0, {'GS_cluster_357187_359543': -0.116071425}, {'GS_cluster_357187_359543': 2}, {'GS_cluster_357187_359543': 4}, 
28740.0, {'GS_cluster_357187_359543': -0.04910714}, {'GS_cluster_357187_359543': 1}, {'GS_cluster_357187_359543': 3}, 
28750.0, {'GS_cluster_357187_359543': 0.0}, {'GS_cluster_357187_359543': 0}, {'GS_cluster_357187_359543': 0}, 
28760.0, {'GS_cluster_357187_359543': -0.004464286}, {'GS_cluster_357187_359543': 1}, {'GS_cluster_357187_359543': 1}, 
28770.0, {'GS_cluster_357187_359543': -0.17410715}, {'GS_cluster_357187_359543': 4}, {'GS_cluster_357187_359543': 6}, 
28780.0, {'GS_cluster_357187_359543': -0.04910714}, {'GS_cluster_357187_359543': 1}, {'GS_cluster_357187_359543': 1}, 
28790.0, {'GS_cluster_357187_359543': -0.20535715}, {'GS_cluster_357187_359543': 5}, {'GS_cluster_357187_359543': 8}, 
28800.0, {'GS_cluster_357187_359543': -0.15178572}, {'GS_cluster_357187_359543': 3}, {'GS_cluster_357187_359543': 7}, 
